Title,Description,ImageFile,Category
"Sharp edges of pipes","Sharp edges of pipes in the swimming pool need to be covered for safety.","00000003-PHOTO-2026-04-21-11-12-20.jpg","Plumbing"
"Granite fixing","Granite needs to be fixed properly to ensure durability.","00000004-PHOTO-2026-04-21-11-12-20.jpg","Structural"
"Broken tiles","Broken tiles and uneven surfaces near the swimming pool require repair.","00000005-PHOTO-2026-04-21-11-12-20.jpg","Common Areas"
"Changing rooms fittings","Changing rooms need finishing work and fittings to be completed.","00000006-PHOTO-2026-04-21-11-12-21.jpg","Amenities"
"Painting and light fixtures","Changing room painting and light fixtures need to be installed.","00000007-PHOTO-2026-04-21-11-12-21.jpg","Electrical"
"Electric points","Electric points need to be completed for proper functionality.","00000008-PHOTO-2026-04-21-11-12-21.jpg","Electrical"
"Open holes","Open holes in the swimming pool need to be sealed for safety.","00000009-PHOTO-2026-04-21-11-12-22.jpg","Plumbing"
"Granite and uneven surfaces","Granites and uneven surfaces around the pool need attention.","00000010-PHOTO-2026-04-21-11-12-22.jpg","Structural"
"Wall near pool","The wall near the pool needs to be constructed or repaired.","00000011-PHOTO-2026-04-21-11-12-22.jpg","Structural"
"Safety railing","Safety railing and wall near the pool need to be installed.","00000012-PHOTO-2026-04-21-11-12-23.jpg","Security"
"Hanging pipes","Hanging pipes need to be removed to avoid hazards.","00000013-PHOTO-2026-04-21-11-12-23.jpg","Plumbing"
"Pool finishing","Finishing work for the pool needs to be completed.","00000014-PHOTO-2026-04-21-11-12-23.jpg","Amenities"
"Electric points in clubhouse","Electric points in the clubhouse need to be installed.","00000015-PHOTO-2026-04-21-11-12-23.jpg","Electrical"
"Badminton room changing room","Changing room in the badminton room needs to be completed.","00000016-PHOTO-2026-04-21-11-12-24.jpg","Amenities"
"Electric fixtures","Electric fixtures on the clubhouse's first floor need to be installed.","00000017-PHOTO-2026-04-21-11-12-24.jpg","Electrical"
"Changing room door","The changing room door needs to be installed.","00000018-PHOTO-2026-04-21-11-12-24.jpg","Amenities"
"Sharp edges","Sharp edges around the badminton court need to be covered for safety.","00000019-PHOTO-2026-04-21-11-12-25.jpg","Security"
"Bathroom fittings","Bathroom fittings in the clubhouse need to be installed.","00000020-PHOTO-2026-04-21-11-12-25.jpg","Plumbing"
"Gym grill","The grill on the front of the gym needs to be installed.","00000021-PHOTO-2026-04-21-11-12-25.jpg","Security"
"Gym roof","The roof in the gym needs to be completed.","00000022-PHOTO-2026-04-21-11-12-26.jpg","Structural"
"Gym grill outside","The grill outside the gym needs to be installed.","00000023-PHOTO-2026-04-21-11-12-26.jpg","Security"
"Electric work on top floors","Electric work on the top floors of the clubhouse needs to be completed.","00000024-PHOTO-2026-04-21-11-12-26.jpg","Electrical"
"Clubhouse finishing","Finishing work on the first floor of the clubhouse needs to be completed.","00000025-PHOTO-2026-04-21-11-12-27.jpg","Amenities"
"Grill on top floor","The grill on the top floor of the clubhouse needs to be installed.","00000026-PHOTO-2026-04-21-11-12-27.jpg","Security"
"Electric work on 2nd floor","Electric work and fixtures on the second floor of the clubhouse need to be completed.","00000027-PHOTO-2026-04-21-11-12-27.jpg","Electrical"
"Wall paint","Wall paint and finishing need to be completed.","00000028-PHOTO-2026-04-21-11-12-28.jpg","Common Areas"
"Opening on 1st floor","The opening on the first floor of the clubhouse needs to be fixed.","00000029-PHOTO-2026-04-21-11-12-28.jpg","Structural"
"Sand in play area","Sand needs to be refilled in the play area for safety.","00000030-PHOTO-2026-04-21-11-12-28.jpg","Common Areas"
"Basketball court levelling","The basketball court needs levelling to avoid water logging.","00000031-PHOTO-2026-04-21-11-12-28.jpg","Common Areas"
"Levelling and landscaping","Levelling and landscaping work needs to be completed.","00000053-PHOTO-2026-04-21-11-12-35.jpg","Common Areas"
"Granite tiles","Granite tiles and interlocking work need to be completed.","00000054-PHOTO-2026-04-21-11-12-36.jpg","Structural"
"Open pit","Open pits need to be covered for safety.","00000055-PHOTO-2026-04-21-11-12-36.jpg","Plumbing"
"Light installation","Light installation is needed in the last row for proper illumination.","00000056-PHOTO-2026-04-21-11-12-36.jpg","Electrical"
"Cricket pitch door","The door of the cricket pitch needs to be opened and the net adjusted.","00000057-PHOTO-2026-04-21-11-12-37.jpg","Amenities"
"Cricket pitch flooring","Flooring and levelling of the cricket pitch need to be completed.","00000059-PHOTO-2026-04-21-11-12-37.jpg","Common Areas"
"Wall paint","Wall paint needs to be completed for a finished look.","00000061-PHOTO-2026-04-21-11-12-38.jpg","Common Areas"
"Electric fixtures","Electric fixtures need to be installed for proper functionality.","00000062-PHOTO-2026-04-21-11-12-38.jpg","Electrical"
"Pergola work","Pending work under the pergola needs to be completed.","00000063-PHOTO-2026-04-21-11-12-38.jpg","Amenities"
"Open pipes","Open pipes need to be covered to ensure safety.","00000064-PHOTO-2026-04-21-11-12-39.jpg","Plumbing"
"Fire equipment","Fire extinguishing equipment needs to be installed.","00000065-PHOTO-2026-04-21-11-12-39.jpg","Security"
"Electric room paint","The electric room needs to be painted for a finished look.","00000066-PHOTO-2026-04-21-11-12-39.jpg","Common Areas"
"Levelling outside homes","Levelling of interlocking outside homes needs to be done to avoid water seepage.","00000068-PHOTO-2026-04-21-11-12-40.jpg","Common Areas"
"Electric safety tests","All electric fixtures in the clubhouse, society, and swimming pool need to be tested for safety.","00000071-VIDEO-2026-04-21-11-12-41.mp4","Electrical"
"Granite tiles and interlocking","Granite tiles and interlocking work need to be completed.","00000067-PHOTO-2026-04-21-11-12-40.jpg","Structural"
"Door for maintenance room","The door for the maintenance room near the pool needs to be installed.","00000033-PHOTO-2026-04-21-11-12-29.jpg","Amenities"
"Levelling behind clubhouse","Levelling work behind the clubhouse needs to be completed.","00000034-PHOTO-2026-04-21-11-12-29.jpg","Common Areas"
"Wall around clubhouse","The wall around the clubhouse needs to be constructed.","00000035-PHOTO-2026-04-21-11-12-30.jpg","Structural"
"Levelling near boundary","Levelling near the boundary behind the clubhouse needs to be completed.","00000036-PHOTO-2026-04-21-11-12-30.jpg","Common Areas"
"Granite and tiles","Granite and tiles work behind the clubhouse needs to be completed.","00000037-PHOTO-2026-04-21-11-12-30.jpg","Structural"
"Hanging pipes","Hanging pipes behind the clubhouse need to be removed.","00000038-PHOTO-2026-04-21-11-12-31.jpg","Plumbing"
"Basketball court basket","The basketball court basket and green net behind it need to be installed.","00000039-PHOTO-2026-04-21-11-12-31.jpg","Amenities"
"Grill painting","The grill near the basketball court needs to be painted.","00000040-PHOTO-2026-04-21-11-12-31.jpg","Common Areas"
"Electric fixtures pergola","Electric fixtures in the seating area under the pergola need to be installed.","00000041-PHOTO-2026-04-21-11-12-32.jpg","Electrical"
"Electric fixtures walkway","Electric fixtures near the walkway need to be installed.","00000042-PHOTO-2026-04-21-11-12-32.jpg","Electrical"
"Granite tiles","Granite tiles and interlocking work need to be completed.","00000043-PHOTO-2026-04-21-11-12-32.jpg","Structural"
"Open pits","Open pits need to be covered for safety.","00000045-PHOTO-2026-04-21-11-12-33.jpg","Plumbing"
"Uneven surfaces","Uneven surfaces need to be levelled for safety.","00000048-PHOTO-2026-04-21-11-12-34.jpg","Common Areas"
"Seating area pergola","Finishing work for the seating area under the pergola needs to be completed.","00000049-PHOTO-2026-04-21-11-12-34.jpg","Amenities"
"Drain coverage","Drain coverage needs to be installed to ensure safety.","00000050-PHOTO-2026-04-21-11-12-34.jpg","Plumbing"
"Open pipes","Open pipes and pending work need to be completed.","00000051-PHOTO-2026-04-21-11-12-35.jpg","Plumbing"